step,time,l2_error,max_error,total_heat
       0,  0.00000000,  1.218569E-17,  1.224647E-16,  0.63656741
     100,  0.40000000,  3.075162E-06,  4.370627E-06,  0.61192355
     200,  0.80000000,  5.912236E-06,  8.402867E-06,  0.58823374
     250,  1.00000000,  7.245839E-06,  1.029827E-05,  0.57673501
